areaId,name,alpha2code,alpha3code
0,England,,XEN
4,Afghanistan,AF,AFG
8,Albania,AL,ALB
12,Algeria,DZ,DZA
24,Angola,AO,AGO
32,Argentina,AR,ARG
36,Australia,AU,AUS
40,Austria,AT,AUT
48,Bahrain,BH,BHR
50,Bangladesh,BD,BGD
51,Armenia,AM,ARM
52,Barbados,BB,BRB
56,Belgium,BE,BEL
60,Bermuda,BM,BMU
70,Bosnia-Herzegovina,BA,BIH
76,Brazil,BR,BRA
100,Bulgaria,BG,BGR
108,Burundi,BI,BDI
112,Belarus,BY,BLR
120,Cameroon,CM,CMR
124,Canada,CA,CAN
132,Cape Verde Islands,CV,CPV
140,Central African Republic,CF,CAF
148,Chad,TD,TCD
152,Chile,CL,CHL
156,China PR,CN,CHN
170,Colombia,CO,COL
174,Comoros,KM,COM
178,Congo,CG,COG
180,Congo DR,CD,COD
188,Costa Rica,CR,CRI
191,Croatia,HR,HRV
192,Cuba,CU,CUB
203,Czech Republic,CZ,CZE
204,Benin,BJ,BEN
208,Denmark,DK,DNK
214,Dominican Republic,DO,DOM
218,Ecuador,EC,ECU
222,El Salvador,SV,SLV
226,Equatorial Guinea,GQ,GNQ
231,Ethiopia,ET,ETH
232,Eritrea,ER,ERI
233,Estonia,EE,EST
246,Finland,FI,FIN
250,France,FR,FRA
254,French Guiana,GF,GUF
266,Gabon,GA,GAB
270,Gambia,GM,GMB
276,Germany,DE,DEU
288,Ghana,GH,GHA
300,Greece,GR,GRC
308,Grenada,GD,GRD
312,Guadeloupe,GP,GLP
324,Guinea,GN,GIN
328,Guyana,GY,GUY
332,Haiti,HT,HTI
340,Honduras,HN,HND
348,Hungary,HU,HUN
352,Iceland,IS,ISL
360,Indonesia,ID,IDN
364,Iran,IR,IRN
368,Iraq,IQ,IRQ
372,Ireland Republic,IE,IRL
376,Israel,IL,ISR
380,Italy,IT,ITA
384,C\u00f4te d'Ivoire,CI,CIV
388,Jamaica,JM,JAM
392,Japan,JP,JPN
398,Kazakhstan,KZ,KAZ
404,Kenya,KE,KEN
408,Korea DPR,KP,PRK
410,Korea Republic,KR,KOR
418,Laos,LA,LAO
422,Lebanon,LB,LBN
428,Latvia,LV,LVA
434,Libya,LY,LBY
438,Liechtenstein,LI,LIE
440,Lithuania,LT,LTU
442,Luxembourg,LU,LUX
466,Mali,ML,MLI
474,Martinique,MQ,MTQ
478,Mauritania,MR,MRT
480,Mauritius,MU,MUS
484,Mexico,MX,MEX
492,Monaco,MC,MCO
499,Montenegro,ME,MNE
500,Montserrat,MS,MSR
504,Morocco,MA,MAR
508,Mozambique,MZ,MOZ
528,Netherlands,NL,NLD
531,Cura\u00e7ao,CW,CUW
540,New Caledonia,NC,NCL
554,New Zealand,NZ,NZL
558,Nicaragua,NI,NIC
562,Niger,NE,NER
566,Nigeria,NG,NGA
578,Norway,NO,NOR
584,Moldova,MH,MHL
586,Pakistan,PK,PAK
591,Panama,PA,PAN
600,Paraguay,PY,PRY
604,Peru,PE,PER
608,Philippines,PH,PHL
616,Poland,PL,POL
620,Portugal,PT,PRT
624,Guinea-Bissau,GW,GNB
634,Qatar,QA,QAT
638,Reunion,RE,REU
642,Romania,RO,ROU
643,Russia,RU,RUS
646,Rwanda,RW,RWA
662,St. Lucia,LC,LCA
678,S\u00e3o Tom\u00e9 e Pr\u00edncipe,ST,STP
682,Saudi Arabia,SA,SAU
686,Senegal,SN,SEN
688,Serbia,RS,SRB
694,Sierra Leone,SL,SLE
703,Slovakia,SK,SVK
705,Slovenia,SI,SVN
710,South Africa,ZA,ZAF
716,Zimbabwe,ZW,ZWE
724,Spain,ES,ESP
728,South Sudan,SS,SSD
729,Sudan,SD,SDN
740,Suriname,SR,SUR
752,Sweden,SE,SWE
756,Switzerland,CH,CHE
760,Syria,SY,SYR
762,Tajikistan,TJ,TJK
764,Togo,TG,TGO
776,Tonga,TO,TON
780,Trinidad and Tobago,TT,TTO
784,United Arab Emirates,AE,ARE
788,Tunisia,TN,TUN
792,Turkey,TR,TUR
800,Uganda,UG,UGA
804,Ukraine,UA,UKR
807,Macedonia FYR,MK,MKD
818,Egypt,EG,EGY
826,England,EN,XEN
834,Tanzania,TZ,TZA
840,United States,US,USA
854,Burkina Faso,BF,BFA
858,Uruguay,UY,URY
860,Uzbekistan,UZ,UZB
862,Venezuela,VE,VEN
882,Samoa,WS,WSM
894,Zambia,ZM,ZMB
1002,Scotland,SC,XSC
1012,Tahiti,TA,XTA
1013,Wales,WA,XWA
1014,Northern Ireland,NI,XNI
