coachId,firstName,middleName,lastName,shortName,birthDate,currentTeamId,birthAreaId,passportAreaId
638,Peter,,Bosz,P. Bosz,1963-11-21,2446,528,528
3265,Unai,,Emery Etxegoien,Unai Emery,1971-11-03,1609,724,724
3295,Jos\00e9 Mario Felix,,dos Santos Mourinho,Jos\00e9 Mourinho,1963-01-26,0,620,620
3396,Marcelo Alberto,,Bielsa Caldera,M. Bielsa,1955-07-21,1630,32,32
3427,Diego Pablo,,Simeone,D. Simeone,1970-04-28,679,32,32
3454,Jos\00e9 Miguel,,Gonz\00e1lez Mart\00edn del Campo,M\00edchel,1963-03-23,0,724,724
3485,Jos\00e9 Luis,,Mendilibar Etxebarria,Mendilibar,1961-03-14,701,724,724
3500,Javier,,Calleja Revilla,Javi Calleja,1978-05-12,682,724,724
3630,Joaqu\00edn,,de Jes\00fas Caparr\00f3s Camino,Joaqu\00edn Caparr\00f3s,1955-10-13,0,724,724
3880,Juan Carlos,,Unzu\00e9 Labiano,Unzu\00e9,1967-04-22,0,724,724
4054,Jos\00e9 Manuel,,Gonz\00e1lez L\00f3pez,Jos\00e9 Gonz\00e1lez,1966-10-14,0,724,724
4107,Jos\00e9,,Bordal\00e1s Jim\00e9nez,Jos\00e9 Bordal\00e1s,1964-03-05,698,724,724
4258,Francisco,,J\00e9mez Mart\00edn,Paco J\00e9mez,1970-04-18,0,724,724
4784,Eusebio,,Sacrist\00e1n Mena,Eusebio Sacrist\00e1n,1964-04-13,756,724,724
5149,Manuel,,M\00e1rquez Roca,Manolo M\00e1rquez,1968-09-07,0,724,724
5298,Enrique,,Seti\00e9n Solar,Quique Seti\00e9n,1958-09-27,684,724,724
5326,Asier,,Garitano Aguirrez\00e1bal,Asier Garitano,1969-12-06,0,724,724
7845,Ars\00e8ne,,Wenger,A. Wenger,1949-10-22,0,250,250
7973,Alan,,Pardew,A. Pardew,1961-07-18,0,826,826
8093,Chris,,Hughton,C. Hughton,1958-12-11,1651,826,372
8214,Michael,,Appleton,M. Appleton,1975-12-04,8514,826,826
8235,David,,Moyes,D. Moyes,1963-04-25,0,1002,1002
8329,Paul,,Lambert,P. Lambert,1969-08-07,1634,1002,1002
8357,Roy,,Hodgson,R. Hodgson,1947-08-09,1628,826,826
8512,Martin,,O'Neill,M. O'Neill,1952-03-01,1642,1014,1014
8541,Sam,,Allardyce,S. Allardyce,1954-10-19,0,826,826
8605,Roberto,,Mart\00ednez Montoli\00fa,Roberto Mart\00ednez,1973-07-13,0,724,724
8880,Sean,,Dyche,S. Dyche,1971-06-28,1646,826,826
8934,Eddie,,Howe,E. Howe,1977-11-29,1659,826,826
9054,Mark,,Hughes,M. Hughes,1963-11-01,0,1013,1013
9092,Gustavo Augusto,,Poyet Dom\00ednguez,G. Poyet,1967-11-15,0,858,858
9454,Gary,,Megson,G. Megson,1959-05-02,0,826,826
14710,Josef,,Heynckes,J. Heynckes,1945-05-09,0,276,276
14735,Bruno,,Labbadia,B. Labbadia,1966-02-08,2451,276,276
14791,J\00fcrgen,,Klopp,J. Klopp,1967-06-16,1612,276,276
14977,Christian,,Streich,C. Streich,1965-06-11,2453,276,276
15005,Lucien,,Favre,L. Favre,1957-11-02,2447,756,756
15114,Dieter,,Hecking,D. Hecking,1964-09-12,2454,276,276
15470,Heiko,,Herrlich,H. Herrlich,1971-12-03,0,276,276
15824,Ralph,,Hasenh\00fcttl,R. Hasenh\00fcttl,1967-08-09,1619,40,40
16837,Alois,,Schwartz,A. Schwartz,1967-03-28,2472,276,276
17121,Dirk,,Schuster,D. Schuster,1967-12-29,0,276,276
18572,David,,Wagner,D. Wagner,1971-10-19,0,276,840
18702,Martin,,Schmidt,M. Schmidt,1967-04-12,2481,756,756
18987,P\00e1l,,D\00e1rdai,P. D\00e1rdai,1976-03-16,2457,348,348
19925,Andr\00e9,,Breitenreiter,A. Breitenreiter,1973-10-02,0,276,276
20386,Massimiliano,,Allegri,M. Allegri,1967-08-11,3159,380,380
20407,Ivan Gennaro,,Gattuso,G. Gattuso,1978-01-09,3157,380,380
20454,Antonio,,Conte,A. Conte,1969-07-31,0,380,380
20481,Roberto,,Donadoni,R. Donadoni,1963-09-09,0,380,380
20508,Claudio,,Ranieri,C. Ranieri,1951-10-20,3158,380,380
20603,Giuseppe,,Iachini,G. Iachini,1964-05-07,0,380,380
20665,Stefano,,Pioli,S. Pioli,1965-10-20,0,380,380
20747,Massimo,,Oddo,M. Oddo,1976-06-14,0,380,380
20860,Davide,,Ballardini,D. Ballardini,1964-01-06,0,380,380
21061,Vincenzo,,Montella,V. Montella,1974-06-18,3176,380,380
21155,Walter,,Mazzarri,W. Mazzarri,1961-10-01,3185,380,380
21414,Davide,,Nicola,D. Nicola,1973-03-05,0,380,380
21603,Rolando,,Maran,R. Maran,1963-07-14,3173,380,380
23551,Massimo,,Rastelli,M. Rastelli,1968-12-27,3235,380,380
25549,Didier,,Deschamps,D. Deschamps,1968-10-15,4418,250,250
25606,Jean Louis,,Garcia,J. Garcia,1962-09-20,0,250,250
25683,Julien,,Sabl\00e9,J. Sabl\00e9,1980-09-11,3782,250,250
25691,Rudi,,Garcia,R. Garcia,1964-02-20,3771,250,250
25751,Fr\00e9d\00e9ric,,Hantz,F. Hantz,1966-05-30,0,250,250
25842,Christophe,,Galtier,C. Galtier,1966-08-28,3776,250,250
25926,Jocelyn,,Gourvennec,J. Gourvennec,1972-03-22,3785,250,250
26012,Christian,,Gourcuff,C. Gourcuff,1955-04-05,16444,250,250
26213,Michel,,Der Zakarian,M. Der Zakarian,1963-02-18,3787,51,51
26243,St\00e9phane,,Moulin,S. Moulin,1967-08-04,3799,250,250
26272,Philippe,,Hinschberger,P. Hinschberger,1959-11-19,3798,250,250
26812,Christophe,,P\00e9lissier,C. P\00e9lissier,1965-10-05,3789,250,250
28158,Jos\00e9,,Pinot,J. Pinot,1965-04-30,0,250,250
32573,Carlos Augusto,,Soares da Costa Faria Carvalhal,Carlos Carvalhal,1965-12-04,0,620,620
32637,Fatih,,Terim,F. Terim,1953-09-04,4492,792,792
33204,H\00e9ctor Ra\00fal,,C\00faper,H. C\00faper,1955-11-16,0,32,32
40532,Adenor Leonardo,,Bacchi,Tite,1961-05-25,6380,76,76
51239,Janne,,Andersson,J. Andersson,1962-09-29,0,752,752
54577,\00c5ge Fridtjof,,Hareide,\00c5. Hareide,1953-09-23,0,578,578
57369,Heimir,,Hallgr\00edmsson,H. Hallgr\00edmsson,1967-06-10,0,352,352
69952,Ante,,\010ca\010di\0107,A. \010ca\010di\0107,1953-09-29,0,191,191
70160,Jos\00e9 Leonardo,,Nunes Alves Sousa Jardim,Leonardo Jardim,1974-08-01,19830,862,620
71037,Marco Alexandre,,Saraiva da Silva,Marco Silva,1977-07-12,1623,620,620
82503,Pavel,,Vrba,P. Vrba,1963-12-06,11255,203,203
83888,Roberto,,De Zerbi,R. De Zerbi,1979-06-06,3315,380,380
86569,Juan Antonio,,Pizzi Torroja,Pizzi,1968-06-07,0,32,724
86604,Ricardo Alberto,,Gareca Nardi,R. Gareca,1958-02-10,0,32,32
89543,Jorge Luis,,Sampaoli Moya,J. Sampaoli,1960-03-13,5655,32,32
90162,Manuel Eduardo,,Berizzo,E. Berizzo,1969-11-13,0,32,32
90948,Hern\00e1n Dar\00edo,,G\00f3mez Jaramillo,H. G\00f3mez,1956-02-03,0,170,170
92894,Ernesto,,Valverde Tejedor,Ernesto Valverde,1964-02-09,676,724,724
93112,Javier,,Gracia Carlos,Javi Gracia,1970-05-01,1644,724,724
94654,Akira,,Nishino,A. Nishino,1955-04-07,0,392,392
99428,Adam,,Nawa\0142ka,A. Nawa\0142ka,1957-10-23,13510,616,616
101547,Luciano,,Spalletti,L. Spalletti,1959-03-07,3161,380,380
101575,Leonid,,Slutsky,L. Slutsky,1971-05-04,24,643,643
107408,Tae-Yong,,Shin,Tae-Yong Shin,1970-10-11,0,410,410
112633,Juan Carlos,,Osorio Arbel\00e1ez,J. Osorio,1961-06-08,0,170,170
116503,Diego Mart\00edn,,Alonso L\00f3pez,D. Alonso,1975-04-16,15444,858,858
117648,Luis Francisco,,Zubeld\00eda,L. Zubeld\00eda,1981-01-13,0,32,32
122788,Zlatko,,Dalic,Z. Dalic,1966-10-26,0,70,191
134090,Bert,,van Marwijk,B. van Marwijk,1952-05-19,0,528,528
134151,Vicente,,Del Bosque,Del Bosque,1950-12-23,0,724,724
134365,Joachim,,L\00f6w,J. L\00f6w,1960-02-03,3148,276,276
134976,Erik,,Hamr\00e9n,E. Hamr\00e9n,1957-06-27,0,752,752
135480,Giovanni,,De Biasi,G. De Biasi,1956-06-16,0,380,380
135542,Marcel,,Koller,M. Koller,1960-11-11,6407,756,756
136439,Chris,,Coleman,C. Coleman,1970-06-10,22275,1013,1013
136612,Carlos Manuel,,Brito Leal Queir\00f3z,Carlos Queiroz,1953-03-01,0,508,620
136636,Michael,,O'Neill,M. O'Neill,1969-07-05,0,1014,1014
137379,Jos\00e9 N\00e9stor,,Pekerman,J. Pekerman,1949-09-03,0,32,32
137521,Fernando Manuel,,Fernandes da Costa Santos,Fernando Santos,1954-10-19,0,620,620
139142,\00d3scar Washington,,Tab\00e1rez Silva,\00d3. Tab\00e1rez,1947-03-03,0,858,858
140684,Herv\00e9,,Renard,H. Renard,1968-09-30,0,250,250
142913,Gernot,,Rohr,G. Rohr,1953-06-28,0,276,276
143326,Aliou,,Ciss\00e9,A. Ciss\00e9,1976-03-24,0,686,686
145007,Andries,,Jonker,A. Jonker,1962-09-22,0,528,528
149026,Tony,,Pulis,T. Pulis,1958-01-16,1620,1013,1013
149135,Thierry,,Laurey,T. Laurey,1964-02-14,3779,250,250
167037,Jos\00e9,,Mel P\00e9rez,Pepe Mel,1963-02-28,714,724,724
167044,Pablo Javier,,Mach\00edn D\00edez,Pablo Mach\00edn,1975-04-07,0,724,724
169425,Enrique,,S\00e1nchez Flores,Quique S\00e1nchez Flores,1965-02-02,9134,724,724
190909,Willy,,Sagnol,W. Sagnol,1977-03-18,0,250,250
198390,Ivan,,Juric,I. Juric,1975-08-25,0,191,191
206965,Marc,,Wilmots,M. Wilmots,1969-02-22,0,56,56
209010,Claude,,Puel,C. Puel,1961-09-02,0,250,250
209364,Nabil,,Ma\00e2loul,N. Ma\00e2loul,1962-07-25,0,788,788
210074,Marcelino,,Garc\00eda Toral,Marcelino,1965-08-14,674,724,724
210116,Gian Piero,,Gasperini,G. Gasperini,1958-01-26,3172,380,380
210119,Eusebio,,Di Francesco,E. Di Francesco,1969-09-08,0,380,380
210120,Sini\0161a,,Mihajlovi\0107,S. Mihajlovi\0107,1969-02-20,3166,191,688
210121,Marco,,Giampaolo,M. Giampaolo,1967-08-02,3164,756,380
210146,Antoine,,Kombouare,A. Kombouare,1963-11-16,3804,540,250
210152,Luigi,,Delneri,L. Delneri,1950-08-23,0,380,380
210205,Lars,,Lagerb\00e4ck,L. Lagerb\00e4ck,1948-07-16,0,752,752
210252,Maurizio,,Sarri,M. Sarri,1959-01-10,1610,380,380
210254,Fabio,,Pecchia,F. Pecchia,1973-08-24,12814,380,380
210513,Patrice,,Garande,P. Garande,1960-11-27,0,250,250
210700,Rafael,,Ben\00edtez Maudes,Rafael Ben\00edtez,1960-04-16,1613,724,724
210701,Vladimir,,Petkovi\0107,V. Petkovi\0107,1963-08-15,0,70,756
210902,Bernd,,Storck,B. Storck,1963-01-25,5187,276,276
211238,Bruno,,G\00e9n\00e9sio,B. G\00e9n\00e9sio,1966-09-01,3766,250,250
215903,Micka\00ebl,,Debeve,M. Debeve,1970-12-01,0,250,250
216136,Sabri,,Lamouchi,S. Lamouchi,1971-11-09,0,250,250
218066,\00d3scar,,Garc\00eda Junyent,\00d3scar Garc\00eda,1973-04-26,0,724,724
220743,Olivier,,Dall\02019Oglio,O. Dall\02019Oglio,1964-05-16,0,250,250
225952,Francisco,,Escriba Segura,Fran Escrib\00e1,1965-05-03,692,724,724
228372,Sandro,,Schwarz,S. Schwarz,1978-10-17,2460,276,276
228386,Christian,,Titz,C. Titz,1971-04-01,0,276,276
228969,Pascal,,Dupraz,P. Dupraz,1962-09-19,0,250,250
230918,Abelardo,,Fern\00e1ndez Antu\00f1a,Abelardo,1970-04-19,696,724,724
240612,Francisco Jos\00e9,,L\00f3pez Fern\00e1ndez,Paco L\00f3pez,1967-09-19,695,724,724
246913,Marco,,Baroni,M. Baroni,1963-09-11,3254,380,380
248800,Mikhail Ivanovich,,Fomenko,M. Fomenko,1948-09-19,0,804,804
251025,Simone,,Inzaghi,S. Inzaghi,1976-04-05,3162,380,380
251044,Luis Diego,,L\00f3pez Breijo,D. L\00f3pez,1974-08-22,15633,858,858
251201,Niko,,Kova\010d,N. Kova\010d,1971-10-15,2444,276,191
254174,Mauricio,,Pellegrino,M. Pellegrino,1971-10-05,712,32,32
259751,Markus,,Gisdol,M. Gisdol,1969-08-17,0,276,276
261661,Christian,,Bucchi,C. Bucchi,1977-02-13,3219,380,380
261672,Alexander,,Nouri,A. Nouri,1979-08-20,0,276,276
264893,Stanislav Salamovich,,Cherchesov,S. Cherchesov,1963-09-02,0,643,643
264939,Jos\00e9 Miguel,,Campos Rodr\00edguez,Jos\00e9 Miguel Campos,1966-08-12,0,724,724
266521,Peter,,St\00f6ger,P. St\00f6ger,1966-04-11,0,40,40
266522,Stefan,,Ruthenbeck,S. Ruthenbeck,1972-04-19,3111,276,276
267136,Josep,,Guardiola i Sala,Guardiola,1971-01-18,1625,724,724
267555,Igor,,Tudor,I. Tudor,1978-04-16,3163,191,191
268775,Frank,,de Boer,F. de Boer,1970-05-15,58165,528,528
268779,Ronald,,Koeman,R. Koeman,1963-03-21,0,528,528
268998,Jan,,Koz\00e1k,J. Koz\00e1k,1954-04-17,0,705,703
269087,Carlo,,Ancelotti,C. Ancelotti,1959-06-10,3187,380,380
269869,Slaven,,Bili\0107,S. Bili\0107,1968-09-11,0,191,191
270032,Fabio,,Pecchia,F. Pecchia,1973-08-24,0,380,380
270285,Jean-Louis,,Gasset,J. Gasset,1953-12-09,3782,250,250
272299,Julian,,Nagelsmann,J. Nagelsmann,1987-07-23,2482,276,276
272869,Antonio,,Conte,A. Conte,1969-07-31,0,380,380
272970,Lorenzo,,D'Anna,L. D'Anna,1972-01-29,0,380,380
275283,Zin\00e9dine,,Zidane,Z. Zidane,1972-06-23,675,250,250
275291,Juan Rub\00e9n,,Ur\00eda Corral,Rub\00e9n Ur\00eda,1968-01-30,0,724,724
275580,C\00e9sar Domingo,,Mendiondo L\00f3pez,Cesar Domingo,,0,76,76
276858,Gareth,,Southgate,G. Southgate,1970-09-03,0,826,826
287082,Walter,,Zenga,W. Zenga,1960-04-28,0,380,380
292863,Mauricio Roberto,,Pochettino Trossero,M. Pochettino,1972-03-02,1624,32,32
292972,Jos\00e9 \00c1ngel,,Ziganda Lacunza,Jos\00e9 \00c1ngel Ziganda,1966-10-01,0,724,724
293398,Tayfun,,Korkut,T. Korkut,1974-04-02,0,276,792
295160,Francisco Mart\00edn,,Ayestar\00e1n Barandiar\00e1n,Pako Ayestar\00e1n,1963-02-05,0,724,724
296896,Manuel,,Baum,M. Baum,1979-08-30,0,276,276
301696,Juan Ram\00f3n,,L\00f3pez Mu\00f1iz,Juan Mu\00f1iz,1968-11-02,0,724,724
333560,Bernd,,Hollerbach,B. Hollerbach,1969-12-08,0,276,276
333641,Fernando,,Ruiz Hierro,Hierro,1968-03-23,0,724,724
333782,Craig,,Shakespeare,C. Shakespeare,1963-10-26,0,826,826
337062,Javier Antonio,,Cabello Rubio,Javier Cabello,1974-07-20,0,724,724
355598,Imanol,,Alguacil Barrenetxea,Imanol Alguacil,1971-07-04,723,724,724
357389,Leonardo,,Semplici,L. Semplici,1967-07-18,3204,380,380
360105,Anghel,,Iord\0103nescu,A. Iord\0103nescu,1950-05-04,0,642,642
360949,Fernando,,Da Cruz,F. Da Cruz,,0,250,250
367510,Florian,,Kohfeldt,F. Kohfeldt,1982-10-05,2443,276,276
381291,Paul,,Clement,P. Clement,1972-01-08,0,826,826
391523,Hannes,,Wolf,H. Wolf,1981-04-15,2450,276,276
420376,Andr\00e9,,Hofschneider,A. Hofschneider,1970-06-10,0,276,276
434992,David,,Unsworth,D. Unsworth,1973-10-16,39800,826,826
444778,David,,Gallego Rodr\00edguez,David Gallego,1972-01-26,763,724,724
447924,Domenico,,Tedesco,D. Tedesco,1985-09-12,0,276,380
484354,\00d3scar Antonio,,Ram\00edrez Hern\00e1ndez,\00d3. Ram\00edrez,1964-12-08,0,188,188
525079,Crist\00f3bal,,Parralo Aguilera,Crist\00f3bal,1967-08-21,741,724,724
531745,Francisco,,de M\00edguel Moreno,Paco,1973-02-19,1613,724,724
537833,Francisco,,Ortiz Rivas,Paquito Ortiz,1969-08-12,714,724,724
546966,Mladen,,Krstaji\0107,M. Krstaji\0107,1974-03-04,17322,70,688
