typeId,typeName,superTypeId
-1,,6
10,Air duel,1
11,Ground attacking duel,1
12,Ground defending duel,1
13,Ground loose ball duel,1
20,Foul,2
21,Hand foul,2
22,Late card foul,2
23,Out of game foul,2
24,Protest,2
25,Simulation,2
26,Time lost foul,2
27,Violent Foul,2
30,Corner,3
31,Free Kick,3
32,Free kick cross,3
33,Free kick shot,3
34,Goal kick,3
35,Penalty,3
36,Throw in,3
40,Goalkeeper leaving line,4
50,Ball out of the field,5
51,Whistle,5
70,Acceleration,7
71,Clearance,7
72,Touch,7
80,Cross,8
81,Hand pass,8
82,Head pass,8
83,High pass,8
84,Launch,8
85,Simple pass,8
86,Smart pass,8
90,Reflexes,9
91,Save attempt,9
100,Shot,10
