refereeId,firstName,middleName,lastName,shortName,birthDate,birthAreaId,passportAreaId
84796,Sebastian Eugen,,Gheorghe,S. Gheorghe,1976-03-07,642,642
377206,Gianluca,,Rocchi,G. Rocchi,1973-08-25,380,380
377209,Nicola,,Rizzoli,N. Rizzoli,1971-10-05,380,380
377210,Paolo,,Tagliavento,P. Tagliavento,1972-09-19,380,380
377211,Pol,,van Boekel,P. van Boekel,1975-09-19,528,528
377215,Bj\00f6rn,,Kuipers,B. Kuipers,1973-03-28,528,528
377219,Paolo,,Valeri,P. Valeri,1974-05-16,380,380
377228,Daniele,,Orsato,D. Orsato,1975-11-23,380,380
377231,Luca,,Banti,L. Banti,1974-03-27,380,380
377232,Paolo Silvio,,Mazzoleni,P. Mazzoleni,1974-06-12,380,380
377233,Antonio,,Damato,A. Damato,1972-08-15,380,380
377237,Riccardo,,Pinzani,R. Pinzani,1978-04-21,380,380
377241,Marco,,Guida,M. Guida,1981-06-07,380,380
377242,Luigi,,Nasca,L. Nasca,1977-11-15,380,380
377243,Aleandro,,Di Paolo,A. Di Paolo,1977-10-21,380,380
377244,Daniele,,Doveri,D. Doveri,1977-12-10,380,380
377246,Fabrizio,,Pasqua,F. Pasqua,1982-11-07,380,380
377247,Davide,,Massa,D. Massa,1981-07-15,380,380
377248,Piero,,Giacomelli,P. Giacomelli,1977-11-06,380,380
377249,Gianluca,,Aureliano,G. Aureliano,1980-02-29,380,380
377251,Maurizio,,Mariani,M. Mariani,1982-02-25,380,380
377252,Michael,,Fabbri,M. Fabbri,1983-12-08,380,380
377253,Massimiliano,,Irrati,M. Irrati,1979-06-27,380,380
377254,Claudio,,Gavillucci,C. Gavillucci,1979-08-03,380,380
377255,Eugenio,,Abbattista,E. Abbattista,1982-12-28,380,380
377256,Marco,,Di Bello,M. Di Bello,1981-07-17,380,380
377257,Luca,,Pairetto,L. Pairetto,1984-04-14,380,380
377258,Gianluca,,Manganiello,G. Manganiello,1981-11-28,380,380
377260,Francesco,,Paolo Saia,F. Paolo Saia,1985-02-05,380,380
377261,Federico,,La Penna,F. La Penna,1983-08-07,380,380
377263,Fabio,,Maresca,F. Maresca,1981-04-12,380,380
377264,Giampaolo,,Calvarese,G. Calvarese,1976-02-20,380,380
377265,Daniele,,Minelli,D. Minelli,1982-07-09,380,380
377267,Daniele,,Chiffi,D. Chiffi,1984-12-14,380,380
377268,Davide,,Ghersini,D. Ghersini,1985-04-09,380,380
377269,Ivano,,Pezzuto,I. Pezzuto,1984-02-13,380,380
377270,Juan Luca,,Sacchi,J. Sacchi,1984-10-13,380,380
377271,Rosario,,Abisso,R. Abisso,1985-11-22,380,380
378038,Hern\00e1n,,Maidana,H. Maidana,1972-02-14,32,32
378051,N\00e9stor Fabi\00e1n,,Pitana,N. Pitana,1975-06-17,32,32
378060,Juan Pablo,,Belatti,J. Belatti,1979-04-15,32,32
378113,Pablo,,Gonz\00e1lez,P. Gonz\00e1lez,,32,32
378126,Mauricio,,Espinosa Rodr\00edguez,M. Espinosa,1972-05-06,858,858
378144,Emerson Augusto,,De Carvalho,Emerson De Carvalho,1972-06-24,76,76
378145,Marcelo,,Carvalho Van Gasse,Marcelo Van Gasse,1976-03-09,76,76
378151,Julio,,Bascu\00f1\00e1n Gonz\00e1lez,J. Bascu\00f1\00e1n,1978-06-11,152,152
378169,Wilmar Alexander,,Rold\00e1n P\00e9rez,W. Rold\00e1n,1980-01-24,170,170
378204,Sandro,,Meira Ricci,Sandro Ricci,1974-11-19,76,76
378212,Enrique,,C\00e1ceres,E. C\00e1ceres,,600,600
378217,Alexander,,Guzm\00e1n Bonilla,A. Guzm\00e1n,,170,170
378218,Cristian,,de la Cruz,C. de la Cruz,,170,170
378231,Nicol\00e1s,,Taran,N. Taran,1980-08-27,858,858
378232,Andr\00e9s,,Cunha,A. Cunha,1976-09-08,858,858
378240,Juan,,Zorrilla,J. Zorrilla,,600,600
378243,Eduardo,,Cardozo,E. Cardozo,,600,600
378256,Aliaksei,,Kulbakov,A. Kulbakov,1979-12-27,112,112
378945,Daniel,,Siebert,D. Siebert,1984-05-04,276,276
378947,Stephan,,Luzi,S. Luzi,1974-12-18,250,250
378948,Beno\00eet,,Millot,B. Millot,1982-01-10,250,250
378950,Alejandro Jos\00e9,,Hern\00e1ndez Hern\00e1ndez,Alejandro Hern\00e1ndez,1982-11-10,724,724
378951,Craig,,Pawson,C. Pawson,,826,826
378952,Anthony,,Taylor,A. Taylor,1978-10-20,826,826
378954,Martin,,Thomsen,M. Thomsen,1985-10-01,276,276
378955,Eduard,,Beitinger,E. Beitinger,1983-11-01,276,276
378956,Rafael,,Foltyn,R. Foltyn,1985-06-21,276,276
378957,Bastian,,Dankert,B. Dankert,1980-06-09,276,276
378959,Matteo,,Passeri,M. Passeri,,380,380
378970,Martin,,Petersen,M. Petersen,1985-02-28,276,276
378976,Amaury,,Delerue,A. Delerue,1977-06-06,250,250
378977,Hicham,,Zakrani,H. Zakrani,1979-09-04,250,250
378994,Juan,,Mart\00ednez Munuera,Juan Mart\00ednez,1982-07-13,724,724
379010,Sergey,,Lapochkin,S. Lapochkin,1981-04-28,643,643
379019,Teodoro,,Sobrino Mag\00e1n,Teodoro Sobrino,,724,724
379038,Andrea,,Crispo,A. Crispo,,380,380
379045,Diego,,Barbero Sevilla,Diego Barbero,,724,724
379052,Bekim,,Zogaj,B. Zogaj,1979-09-28,756,756
379058,John,,Brooks,J. Brooks,,826,826
379067,Tom\00e1\0161,,Mokrusch,T. Mokrusch,,203,203
379140,Ricardo,,Montero,R. Montero,,188,188
379347,Juan Carlos,,Yuste Jim\00e9nez,Juan Yuste,1975-09-25,724,724
379359,Tobias,,Stieler,T. Stieler,1981-07-02,276,276
379365,Mickael,,Annonier,M. Annonier,1972-06-18,250,250
379378,Patrick,,Ittrich,P. Ittrich,1979-01-03,276,276
379380,Laurent,,Stien,L. Stien,1973-11-17,250,250
379381,S\00e9bastien,,Moreira,S. Moreira,1977-05-27,250,250
379385,Holger,,Henschel,H. Henschel,1972-12-27,276,276
379388,Carlos,,Del Cerro Grande,Carlos Del Cerro,1976-03-13,724,724
379443,Robert,,Madley,R. Madley,1985-10-06,826,826
379444,Sascha,,Stegemann,S. Stegemann,1984-12-06,276,276
379461,Alessandro,,Giallatini,A. Giallatini,,380,380
379464,Mauro,,Vivenzi,M. Vivenzi,,380,380
379474,Eduardo,,Prieto Iglesias,Eduardo Prieto,1981-05-17,724,724
379551,Harry,,Lennard,H. Lennard,,826,826
379587,Sandro,,Sch\00e4rer,S. Sch\00e4rer,1988-06-06,756,756
379749,Svein Oddvar,,Moen,S. Moen,1979-01-22,578,578
379752,Frank,,And\00e5s,F. And\00e5s,1975-09-26,578,578
379753,Kim,,Haglund,K. Haglund,1977-05-27,578,578
379890,Corey,,Rockwell,C. Rockwell,1974-02-26,840,840
379916,Juan Carlos,,Mora,J. Mora,,188,188
379973,C\00e9sar Arturo,,Ramos Palazuelos,C. Ramos,1983-12-15,484,484
380103,Ryuji,,Sato,R. Sato,1977-04-16,392,392
380580,Abdukhamidullo,,Rasulov,A. Rasulov,1976-01-10,860,860
380581,Nawaf Abdulla,,Ghayyath Shukralla,Nawaf Shukralla,1976-10-13,48,48
380595,Yaser Khalil Ebrahim,,Abdulla Tulefat,Yaser Tulefat,1974-06-24,48,48
380597,Ravshan,,Irmatov,R. Irmatov,1977-08-09,860,860
380599,Alireza,,Faghani,A. Faghani,1978-03-21,364,364
380616,Jakhongir,,Saidov,J. Saidov,,860,860
380638,Mohammed Abdulla Hassan,,Mohammed,Mohammed Abdulla Hassan Mohammed,,784,784
380642,Reza Ebrahim,,Sokhandan,R. Sokhandan,1974-01-24,364,364
380657,Hassan Mohammed Hassan Abdullah,,Suqatari Al Mahri,Hassan Suqatari Al Mahri,,784,784
380659,Mohamed Ahmed Yousuf,,Al Hammadi,Mohamed Ahmed Yousuf Al Hammadi,,784,784
380666,Mohammad Reza,,Mansouri,M. Mansouri,,364,364
380678,Abdulrahman Ibrahim,,Al Jassim,Abdulrahman Al Jassim,,634,634
380884,Mark,,Geiger,M. Geiger,1974-08-25,840,840
380885,Juan Francisco,,Zumba,J. Zumba,1982-09-19,222,222
380889,Jhon,,Pitti,J. Pitti,,591,591
381475,Joel,,Aguilar,J. Aguilar,,558,558
381481,Frank,,Anderson,F. Anderson,1975-11-11,840,840
381595,Jair,,Marrufo,J. Marrufo,1977-06-17,840,840
381617,Mark,,Clattenburg,M. Clattenburg,1975-03-13,826,826
381822,Gyorgy,,Ring,G. Ring,1981-03-18,348,348
381828,Anton,,Averianov,A. Averianov,1973-01-31,643,643
381829,Tikhon,,Kalugin,T. Kalugin,1974-12-03,643,643
381832,Jos\00e9 Manuel,,Fern\00e1ndez Miranda,Jos\00e9 Fern\00e1ndez,1976-03-12,724,724
381835,Guido,,Winkmann,G. Winkmann,1973-11-27,276,276
381840,Marco,,Fritz,M. Fritz,1977-10-03,276,276
381841,Cyril,,Gringore,C. Gringore,,250,250
381843,Frank,,Schneider,F. Schneider,1979-05-11,250,250
381844,Guillaume,,Debart,G. Debart,,250,250
381846,Eric,,Danizan,E. Danizan,1979-02-26,250,250
381847,Mikael,,Lesage,M. Lesage,1975-01-19,250,250
381848,Nicolas,,Rainville,N. Rainville,1982-03-18,250,250
381849,Marco,,Achm\00fcller,M. Achm\00fcller,1979-10-17,276,276
381851,Jonathan,,Moss,J. Moss,1970-10-18,826,826
381852,Lee,,Probert,L. Probert,1972-08-13,826,826
381853,Lee,,Mason,L. Mason,1971-10-29,826,826
381854,Santiago,,Jaime Latre,Santiago Jaime,1979-08-11,724,724
381857,Dominik,,Schaal,D. Schaal,1985-07-25,276,276
381858,Benjamin,,Brand,B. Brand,1989-07-10,276,276
381861,Claudio La,,Rocca,C. Rocca,,380,380
381863,Jean-Yves,,Wicht,J. Wicht,,756,756
381867,Stephan,,Klossner,S. Klossner,1981-05-30,756,756
381873,Julien,,Pacelli,J. Pacelli,,250,250
381877,Stuart,,Burt,S. Burt,,826,826
381878,Philippe,,Jeanne,P. Jeanne,1980-11-11,250,250
381894,\00c1ngel,,Nevado Rodr\00edguez,\00c1ngel Nevado,,724,724
381917,Lee,,Betts,L. Betts,,826,826
381926,Alessandro,,Costanzo,A. Costanzo,,380,380
381927,Jes\00fas,,Gil Manzano,Jes\00fas Gil,1984-02-04,724,724
381933,Marco,,Z\00fcrcher,M. Z\00fcrcher,,756,756
381936,Constantine,,Hatzidakis,C. Hatzidakis,,826,826
382685,Joe,,Fletcher,J. Fletcher,1976-09-10,124,124
383061,Pavel,,Kralovec,P. Kralovec,1977-08-16,203,203
383185,Viktor,,Kassai,V. Kassai,1975-09-10,348,348
383187,Vencel,,Toth,V. Toth,1978-03-24,348,348
383201,Ian,,Hussin,I. Hussin,,826,826
383334,Christian,,Leicher,C. Leicher,1978-08-21,276,276
383336,Benjamin,,Cortus,B. Cortus,1981-12-13,276,276
383338,Christian,,Dietz,C. Dietz,1984-07-27,276,276
383339,Thomas,,Stein,T. Stein,1982-04-21,276,276
383351,Alexander,,Sather,A. Sather,,276,276
383355,Lasse,,Koslowski,L. Koslowski,,276,276
383361,Florian,,Badst\00fcbner,F. Badst\00fcbner,,276,276
383481,Mike,,Pickel,M. Pickel,1975-04-08,276,276
383490,Robert,,Hartmann,R. Hartmann,1979-09-08,276,276
383491,Christian,,Dingert,C. Dingert,1980-07-14,276,276
383492,Elenito,,Di Liberatore,E. Liberatore,,380,380
383493,Christian,,Gittelmann,C. Gittelmann,1983-02-12,276,276
383498,Giorgio,,Schenone,G. Schenone,,380,380
383884,Mark,,Borsch,M. Borsch,1977-03-16,276,276
383886,Stefan,,Lupp,S. Lupp,1978-09-09,276,276
383887,Tobias,,Christ,T. Christ,1976-06-26,276,276
383889,Christian,,Fischer,C. Fischer,1970-08-04,276,276
383891,Thomas,,Gorniak,T. Gorniak,1980-07-25,276,276
383893,Timo,,Gerach,T. Gerach,1986-11-30,276,276
383894,Frederick,,Assmuth,F. Assmuth,1977-12-20,276,276
383895,Arno,,Blos,A. Blos,1979-05-03,276,276
383898,Matthias,,J\00f6llenbeck,M. J\00f6llenbeck,,276,276
383899,Daniel,,Schlager,D. Schlager,1989-12-08,276,276
383900,Tobias,,Reichel,T. Reichel,,276,276
383901,Markus,,Hacker,M. Hacker,1974-04-17,276,276
383902,S\00f6ren,,Storks,S. Storks,,276,276
383960,Taleb Salem,,Al Marri,Taleb Salem Al Marri,,634,634
384145,Marvin C\00e9sar,,Torrentera Rivera,M. Torrentera,1971-02-25,484,484
384148,Miguel \00c1ngel,,Hern\00e1ndez Paredes,M. Hern\00e1ndez,1977-06-18,484,484
384350,Roman,,Slysko,R. Slysko,1973-08-04,703,703
384373,Jonas,,Eriksson,J. Eriksson,1974-03-28,752,752
384376,Mathias,,Klasenius,M. Klasenius,1975-04-25,752,752
384409,Daniel,,W\00e4rnmark,D. W\00e4rnmark,1974-12-30,752,752
384628,St\00e9phane,,De Almeida,S. De Almeida,,756,756
384804,Ovidiu,,Ha\021began,O. Ha\021began,1980-07-14,642,642
384806,Alexandru Dan,,Tudor,A. Tudor,1971-09-13,642,642
384808,Octavian,,\0218ovre,O. \0218ovre,1973-07-19,642,642
384888,Martin,,Atkinson,M. Atkinson,1971-03-31,826,826
384889,Darren,,Cann,D. Cann,1969-01-22,826,826
384890,Peter James,,Kirkup,P. Kirkup,1970-08-22,826,826
384891,Mike,,Mullarkey,M. Mullarkey,1970-05-03,826,826
384893,Tony,,Chapron,T. Chapron,1972-04-23,250,250
384894,St\00e9phane,,Lannoy,S. Lannoy,1969-09-18,250,250
384895,Fr\00e9d\00e9ric,,Cano,F. Cano,1973-07-23,250,250
384898,Felix,,Brych,F. Brych,1975-08-03,276,276
384900,Thorsten,,Schiffner,T. Schiffner,1975-05-14,276,276
384903,Damien,,McGraith,D. McGraith,1980-10-12,372,372
384909,Sander,,van Roekel,S. van Roekel,1974-03-28,528,528
384916,Nikolay,,Golubev,N. Golubev,1970-11-09,643,643
384917,William,,Collum,W. Collum,1979-01-18,1002,1002
384920,Matej,,Jug,M. Jug,1980-09-25,705,705
384921,Damir,,Skomina,D. Skomina,1976-08-05,705,705
384923,Alberto,,Undiano Mallenco,Alberto Undiano,1973-10-08,724,724
384924,Carlos,,Velasco Carballo,Carlos Velasco,1971-03-16,724,724
384925,Roberto,,Alonso Fern\00e1ndez,Roberto Alonso,1976-09-18,724,724
384926,Pawel,,Sokolnicki,P. Sokolnicki,,616,616
384929,Erwin,,Zeinstra,E. Zeinstra,1977-01-31,528,528
384931,Cl\00e9ment,,Turpin,C. Turpin,1982-05-16,250,250
384932,Milorad,,Ma\017ei\0107,M. Ma\017ei\0107,1973-03-23,688,688
384933,H\00fcseyin,,G\00f6\00e7ek,H. G\00f6\00e7ek,1976-11-30,792,792
384936,Manuel,,Gr\00e4fe,M. Gr\00e4fe,1973-09-21,276,276
384938,Tarik,,Ongun,T. Ongun,1973-02-03,792,792
384942,Marcos,,\00c1lvarez Moreno,Marcos \00c1lvarez,,724,724
384943,Slavko,,Vin\010di\0107,S. Vin\010di\0107,1979-11-25,705,705
384945,Riccardo,,Di Fiore,R. Di Fiore,,380,380
384946,Antonio Miguel,,Mateu Lahoz,Antonio Mateu,1977-03-12,724,724
384947,Ra\00fal,,Caba\00f1ero Mart\00ednez,Ra\00fal Caba\00f1ero,,724,724
384950,Bahattin,,Duran,B. Duran,1975-09-26,792,792
384952,Felix,,Zwayer,F. Zwayer,1981-05-19,276,276
384953,Ruddy,,Buquet,R. Buquet,1977-01-29,250,250
384954,Antony,,Gautier,A. Gautier,1977-11-19,250,250
384955,Nicolas,,Danos,N. Danos,,250,250
384957,David,,Fern\00e1ndez Borbalan,David Fern\00e1ndez,1973-05-30,724,724
384959,Guido,,Kleve,G. Kleve,1976-10-17,276,276
384960,Stephen,,Child,S. Child,1973-08-21,826,826
384961,Javier,,Estrada Fern\00e1ndez,Javier Estrada,1976-01-27,724,724
384962,Pau,,Cebri\00e1n Devis,Pau Cebri\00e1n,,724,724
384963,Miguel,,Mart\00ednez Munuera,Miguel Mart\00ednez,,724,724
384965,Michael,,Oliver,M. Oliver,1985-02-20,826,826
384969,Jon,,N\00fa\00f1ez Fern\00e1ndez,Jon N\00fa\00f1ez,,724,724
384970,Lorenzo,,Manganelli,L. Manganelli,,380,380
384973,Deniz,,Aytekin,D. Aytekin,1978-07-21,276,276
384974,Mauro,,Tonolini,M. Tonolini,,380,380
384975,Giulio,,Dobosz,G. Dobosz,,380,380
384978,Simon,,Beck,S. Beck,1972-05-15,826,826
384980,Milovan,,Risti\0107,M. Risti\0107,1974-05-01,688,688
384981,Tomasz,,Listkiewicz,T. Listkiewicz,,616,616
384982,Sergey,,Karasev,S. Karasev,1979-06-12,643,643
384986,Alexandre,,Viala,A. Viala,1975-05-01,250,250
384987,Szymon,,Marciniak,S. Marciniak,1981-01-07,616,616
384988,Jake,,Collin,J. Collin,,826,826
384990,Bobby,,Madden,B. Madden,,1002,1002
384993,Roberto,,D\00edaz P\00e9rez Del Palomar,Roberto D\00edaz,1976-04-29,724,724
384995,C\00fcneyt,,\00c7ak\03b9r,C. \00c7ak\03b9r,1976-11-23,792,792
384999,Alfonso,,Marrazzo,A. Marrazzo,,380,380
385001,Anastasios,,Sidiropoulos,A. Sidiropoulos,1979-08-09,300,300
385003,Robert,,Vukan,R. Vukan,,705,705
385005,Gary,,Beswick,G. Beswick,,826,826
385006,Darren,,England,D. England,,826,826
385011,Simon,,Bennett,S. Bennett,,826,826
385013,Jure,,Praprotnik,J. Praprotnik,,705,705
385015,Javier,,Aguilar Rodr\00edguez,Javier Aguilar,,724,724
385469,Sascha,,Thielert,S. Thielert,1980-01-25,276,276
385472,Christian,,Bandurski,C. Bandurski,1982-12-22,276,276
385473,Ignacio,,Iglesias Villanueva,Ignacio Iglesias,1975-06-01,724,724
385481,Olivier,,Thual,O. Thual,1976-07-24,250,250
385482,Yohann,,Rouinsard,Y. Rouinsard,1975-04-10,250,250
385483,Johan,,Hamel,J. Hamel,1980-10-11,250,250
385484,St\00e9phane,,Jochem,S. Jochem,1978-09-16,250,250
385486,William,,Lavis,W. Lavis,1973-08-21,250,250
385489,Floris,,Aubin,F. Aubin,1978-09-18,250,250
385490,Matthieu,,Lombard,M. Lombard,,250,250
385492,S\00e9bastien,,Denis,S. Denis,1975-05-24,250,250
385494,Alexandre,,Castro,A. Castro,1970-12-10,250,250
385495,Florent,,Batta,F. Batta,1980-06-14,250,250
385496,Thomas,,L\00e9onard,T. L\00e9onard,1981-08-28,250,250
385497,Sylvain,,Palhies,S. Palhies,1977-11-11,250,250
385498,Alexandre,,Perreau Niel,A. Perreau Niel,1983-02-15,250,250
385501,Mathieu,,Grosbost,M. Grosbost,1978-02-19,250,250
385504,Gilles,,Lang,G. Lang,,250,250
385508,Yannick,,Boutry,Y. Boutry,,250,250
385509,Fran\00e7ois,,Boudikian,F. Boudikian,,250,250
385510,St\00e9phanie,,Frappart,S. Frappart,1983-12-14,250,250
385513,Romain,,Lissorgue,R. Lissorgue,1991-06-23,250,250
385514,Cyril,,Mugnier,C. Mugnier,,250,250
385515,C\00e9dric,,Dos Santos,C. Dos Santos,,250,250
385517,Gwena\00ebl,,Pasqualotti,G. Pasqualotti,,250,250
385519,Thierry,,Bouille,T. Bouille,,250,250
385520,Abdelatif,,Kherradji,A. Kherradji,,250,250
385521,Benjamin,,Pages,B. Pages,,250,250
385523,Faouzi,,Benchabane,F. Benchabane,1989-08-24,250,250
385525,Romain,,Galibert,R. Galibert,,250,250
385527,Aur\00e9lien,,Petit,A. Petit,1987-07-17,250,250
385528,Fran\00e7ois,,Letexier,F. Letexier,,250,250
385529,J\00e9r\00f4me,,Brisard,J. Brisard,1986-03-24,250,250
385532,Pierre,,Gaillouste,P. Gaillouste,,250,250
385534,Jeremy,,Stinat,J. Stinat,,250,250
385536,J\00e9r\00e9mie,,Pignard,J. Pignard,,250,250
385537,Benjamin,,Lepaysant,B. Lepaysant,,250,250
385539,Willy,,Delajod,W. Delajod,,250,250
385543,Markus,,Sch\00fcller,M. Sch\00fcller,1981-07-31,276,276
385544,Harm,,Osmers,H. Osmers,1985-01-28,276,276
385546,Ren\00e9,,Rohde,R. Rohde,1980-09-10,276,276
385547,Christof,,G\00fcnsch,C. G\00fcnsch,,276,276
385548,Sven,,Waschitzki,S. Waschitzki,,276,276
385549,Thorben,,Siewer,T. Siewer,1987-07-05,276,276
385551,Robert,,Schr\00f6der,R. Schr\00f6der,1985-09-14,276,276
385554,Florian,,Heft,F. Heft,1990-01-03,276,276
385704,Kevin,,Friend,K. Friend,1971-07-08,826,826
385705,Paul,,Tierney,P. Tierney,,826,826
385710,Keith,,Stroud,K. Stroud,,826,826
385712,Peter,,Bankes,P. Bankes,,826,826
385718,David,,Coote,D. Coote,,826,826
385720,Andy,,Madley,A. Madley,,826,826
385733,Adrian,,Holmes,A. Holmes,,826,826
385737,Chris,,Kavanagh,C. Kavanagh,,826,826
385741,Daniel,,Cook,D. Cook,,826,826
385745,Chris,,Sarginson,C. Sarginson,,826,826
385789,Tugdual,,Philippe,T. Philippe,1974-06-10,250,250
385791,Huseyin,,Ocak,H. Ocak,1981-05-16,250,250
385792,Fr\00e9d\00e9ric,,Haquette,F. Haquette,1975-08-15,250,250
385793,Djemel,,Zitouni,D. Zitouni,,250,250
385794,Nicolas,,Henninot,N. Henninot,1977-04-10,250,250
385796,Hakim,,Ben El Hadj,H. Ben El Hadj,1978-05-30,250,250
385798,Julien,,Aube,J. Aube,1986-05-08,250,250
385799,Bertrand,,Jouannaud,B. Jouannaud,,250,250
385800,Fr\00e9d\00e9ric,,Hebrard,F. Hebrard,,250,250
385801,J\00e9r\00f4me,,Miguelgorry,J. Miguelgorry,1976-05-22,250,250
385814,Michael,,Emmer,M. Emmer,1971-02-22,276,276
385909,Mike,,Dean,M. Dean,1968-06-02,826,826
385910,Richard,,West,R. West,1975-02-25,826,826
385911,Andre,,Marriner,A. Marriner,1971-01-01,826,826
385912,Stuart,,Attwell,S. Attwell,1982-10-06,826,826
385913,Andy,,Garratt,A. Garratt,,826,826
385914,Simon,,Hooper,S. Hooper,,826,826
385915,Neil,,Swarbrick,N. Swarbrick,1970-07-27,826,826
385916,Mike,,Jones,M. Jones,1968-04-18,826,826
385917,Simon,,Long,S. Long,,826,826
385918,Andy,,Halliday,A. Halliday,,826,826
385919,Mark,,Scholes,M. Scholes,,826,826
385920,Scott,,Ledger,S. Ledger,,826,826
385921,Marc,,Perry,M. Perry,,826,826
385922,Derek,,Eaton,D. Eaton,,826,826
385923,Edward,,Smart,E. Smart,,826,826
385955,Jeremy,,Simpson,J. Simpson,1975-05-13,826,826
385956,Oliver,,Langford,O. Langford,,826,826
385962,Geoff,,Eltringham,G. Eltringham,,826,826
385997,Nicholas,,Hopton,N. Hopton,,826,826
385999,Robert Massey,,Ellis,R. Ellis,,826,826
386027,James,,Linington,J. Linington,,826,826
386030,Steve,,Martin,S. Martin,,826,826
386297,Beno\00eet,,Bastien,B. Bastien,1983-04-17,250,250
386315,Eric,,Wattellier,E. Wattellier,,250,250
386316,Mehdi,,Rahmouni,M. Rahmouni,,250,250
386322,Aur\00e9lien,,Drouet,A. Drouet,,250,250
386323,Mikael,,Berchebru,M. Berchebru,,250,250
386325,Karim,,Abed,K. Abed,,250,250
386594,Neil,,Davies,N. Davies,,826,826
386623,Andy,,Davies,A. Davies,,826,826
386718,Adam,,Nunn,A. Nunn,,826,826
386719,Tim,,Robinson,T. Robinson,,826,826
386732,Matthew,,Wilkes,M. Wilkes,,826,826
386746,Daniel,,Robathan,D. Robathan,,826,826
387146,Bibiana,,Steinhaus,B. Steinhaus,1979-03-24,276,276
387272,Robert,,Kampka,R. Kampka,1982-02-21,276,276
387273,Frank,,Willenborg,F. Willenborg,1979-02-10,276,276
387274,Robert,,Kempter,R. Kempter,1988-03-22,276,276
387276,Sven,,Jablonski,S. Jablonski,1990-04-13,276,276
387277,Johann,,Pfeifer,J. Pfeifer,,276,276
387280,Benedikt,,Kempkes,B. Kempkes,,276,276
387968,Francisco Javier,,Mart\00edn Garc\00eda,Francisco Mart\00edn,,724,724
388333,Roger,,East,R. East,1965-05-12,826,826
388342,C\00e9dric,,Mouysset,C. Mouysset,,250,250
388345,Remi,,Landry,R. Landry,,250,250
388346,Guillaume,,Paradis,G. Paradis,,250,250
388360,Marcel,,Pelgrim,M. Pelgrim,,276,276
388361,Patrick,,Alt,P. Alt,1985-02-24,276,276
388365,Jan Clemens,,Neitzel,J. Neitzel,,276,276
388405,Gianluca,,Vuoto,G. Vuoto,,380,380
388406,Giorgio,,Peretti,G. Peretti,,380,380
388407,Filippo,,Meli,F. Meli,,380,380
388408,Gianmattia,,Tasso,G. Tasso,,380,380
388409,Sergio,,Ranghetti,S. Ranghetti,,380,380
388410,Salvatore,,Longo,S. Longo,,380,380
388411,Fabrizio,,Posado,F. Posado,,380,380
388412,Giacomo,,Paganessi,G. Paganessi,,380,380
388413,Valentino,,Fiorito,V. Fiorito,1976-07-30,380,380
388415,Alberto,,Tegoni,A. Tegoni,1979-12-25,380,380
388417,Alessandro,,Lo Cicero,A. Lo Cicero,,380,380
388418,Rodolfo,,Di Vuolo,R. Di Vuolo,,380,380
388419,Claudio,,La Rocca,C. La Rocca,,380,380
388914,Antoine,,Grare,A. Grare,,250,250
390509,Tony,,Harrington,T. Harrington,,826,826
390525,Micka\00ebl,,Leleu,M. Leleu,1983-09-06,250,250
390533,Norbert,,Grudzinski,N. Grudzinski,1977-05-12,276,276
392330,Dalibor,,\0110ur\0111evi\0107,D. \0110ur\0111evi\0107,1973-03-25,688,688
392649,Frank,,Connor,F. Connor,,1002,1002
392689,C\00e9sar,,Garc\00eda Fern\00e1ndez,C\00e9sar Garc\00eda,,724,724
392692,Fabiano,,Preti,F. Preti,,380,380
393151,Mick,,McDonough,M. McDonough,,826,826
393456,Stefano,,Longo,S. Longo,,250,250
393462,Mathieu,,Vernice,M. Vernice,,250,250
393555,Pablo,,Fern\00e1ndez P\00e9rez,Pablo Fern\00e1ndez,1982-07-10,724,724
393557,Ciro,,Carbone,C. Carbone,,380,380
393558,Stefano,,Alassio,S. Alassio,,380,380
393559,Filippo,,Valeriani,F. Valeriani,,380,380
393587,Fabio,,Piscopo,F. Piscopo,1986-11-03,380,380
393591,Giovanni,,Luciano,G. Luciano,,380,380
393592,Vito,,Mastrodonato,V. Mastrodonato,,380,380
393594,Antonio,,Giua,A. Giua,1988-03-11,380,380
393612,Valerio,,Marini,V. Marini,1982-09-13,380,380
393613,Marco,,Zappatore,M. Zappatore,,380,380
393614,Lorenzo,,Illuzzi,L. Illuzzi,1983-06-21,380,380
393616,Andrea,,Tardino,A. Tardino,1984-02-02,380,380
393618,Francesco,,Fiore,F. Fiore,1982-11-03,380,380
393620,Daniele,,Martinelli,D. Martinelli,1983-11-04,380,380
393622,Marco,,Serra,M. Serra,1982-09-09,380,380
393623,Giovanni,,Colella,G. Colella,,380,380
393624,Antonio,,Rapuano,A. Rapuano,1985-04-10,380,380
393625,Damiano,,Di Iorio,D. Di Iorio,,380,380
393627,Niccol\00f2,,Pagliardini,N. Pagliardini,,380,380
393628,Emanuele,,Prenna,E. Prenna,,380,380
393630,Oreste,,Muto,O. Muto,,380,380
393631,Alessio,,Tolfo,A. Tolfo,,380,380
393634,Antonello,,Balice,A. Balice,1984-09-17,380,380
393636,Stefano,,Liberti,S. Liberti,,380,380
393638,Matteo,,Bottegoni,M. Bottegoni,,380,380
394375,Arnaud,,Baert,A. Baert,,250,250
394726,Francesco,,Fourneau,F. Fourneau,1984-07-11,380,380
394731,Luigi,,Rossi,L. Rossi,1982-07-27,380,380
394732,Livio,,Marinelli,L. Marinelli,1984-11-06,380,380
395056,Alfonso,,\00c1lvarez Izquierdo,Alfonso \00c1lvarez,1972-09-12,724,724
395058,Enrique Jos\00e9,,Ramos Ferreiros,Enrique Ramos,,724,724
395059,Jos\00e9,,Gallego Garc\00eda,Jos\00e9 Gallego,1976-08-17,724,724
395061,Jos\00e9 Manuel,,Mat\00edas Caballero,Jos\00e9 Mat\00edas,1973-08-10,724,724
395062,Jos\00e9 Luis,,Gonz\00e1lez Gonz\00e1lez,Jos\00e9 Gonz\00e1lez,1974-09-06,724,724
395064,Ignacio,,Rubio Palomino,Ignacio Rubio,,724,724
395066,Andoni,,Huerga Cerme\00f1o,Andoni Huerga,,724,724
395067,Sebasti\00e1n,,Ripoll Solano,Sebasti\00e1n Ripoll,1979-01-28,724,724
395068,Julio Ferm\00edn,,Leo Ollo,Julio Leo,1979-10-16,724,724
395069,Juan Carlos,,Barranco Trejo,Juan Barranco,,724,724
395072,Alfonso,,Costoya Rodr\00edguez,Alfonso Costoya,,724,724
395073,\00d3scar,,Herrero Arenas,\00d3scar Herrero,1978-03-20,724,724
395074,Pedro,,Sureda Cuenca,Pedro Sureda,1979-10-21,724,724
395076,Ram\00f3n,,Arias Madrid,Ram\00f3n Arias,1978-04-09,724,724
395077,Sergio,,Us\00f3n Rosel,Sergio Us\00f3n,1983-12-26,724,724
395078,Ricardo,,De Burgos Bengoetxea,Ricardo De Burgos,1986-03-16,724,724
395079,Alfonso,,Vicente Moral,Alfonso Vicente,1983-04-05,724,724
395081,Jorge,,Bueno Mateo,Jorge Bueno,,724,724
395082,V\00edctor,,P\00e9rez Peraza,V\00edctor P\00e9rez,1984-12-28,724,724
395083,Iv\00e1n,,Gonz\00e1lez Gonz\00e1lez,Iv\00e1n Gonz\00e1lez,1981-09-01,724,724
395084,Fernando,,Rom\00e1n Rom\00e1n,Fernando Rom\00e1n,1988-02-23,724,724
395085,Jos\00e9 Mar\00eda,,S\00e1nchez Mart\00ednez,Jos\00e9 S\00e1nchez,1983-10-03,724,724
395086,Francisco Jos\00e9,,Hern\00e1ndez Maeso,Francisco Hern\00e1ndez,1988-08-31,56,724
395088,C\00e9sar,,Soto Grado,C\00e9sar Soto,1980-06-17,724,724
395089,\00d3scar,,Sauleda Torrent,\00d3scar Sauleda,1984-11-13,724,724
395090,\00c1ngel,,Hern\00e1ndez Lorenzo,\00c1ngel Hern\00e1ndez,1985-11-19,724,724
395091,Jos\00e9 Enrique,,Naranjo P\00e9rez,Jos\00e9 Naranjo,,724,724
395092,Sergio,,P\00e9rez Muley,Sergio P\00e9rez,1983-06-15,724,724
395093,Rub\00e9n,,\00c1valos Barrera,Rub\00e9n \00c1valos,1987-09-12,724,724
395094,Abraham,,Dom\00ednguez Cervantes,Abraham Dom\00ednguez,1986-10-12,724,724
395096,Fernando,,Bueno Prieto,Fernando Bueno,1988-10-03,724,724
395097,Antonio,,Artacho Cobo,Antonio Artacho,1987-03-15,724,724
395099,Alexis Carlos,,Pulido Santana,Alexis Pulido,1986-07-08,724,724
395100,Albert,,\00c1valos Martos,Albert \00c1valos,1986-04-22,724,724
395101,Javier,,Mart\00ednez Nicol\00e1s,Javier Mart\00ednez,,724,724
395102,Aitor,,Villate Mart\00ednez,Aitor Villate,,724,724
395103,Iker,,De Francisco Grijalba,Iker De Francisco,,724,724
395104,Leandro,,Carbajales G\00f3mez,Leandro Carbajales,1991-06-16,724,724
395105,Fernando,,Tresaco Escabosa,Fernando Tresaco,,724,724
395106,Joan,,M\00e9ndez Mateo,Joan M\00e9ndez,,724,724
395107,Ibai,,Rezola Etxeberr\00eda,Ibai Rezola,1991-08-10,724,724
395162,Antonio,,Santos Parga\00f1a,Antonio Santos,1980-10-14,724,724
395163,David Jes\00fas,,Pinto Herrera,David Pinto,1981-08-20,724,724
395166,Hugo Jos\00e9,,L\00f3pez Puerta,Hugo L\00f3pez,1978-05-16,724,724
395167,Javier,,Iglesias Villanueva,Javier Iglesias,1983-04-23,724,724
395169,Miguel \00c1ngel,,Ortiz Arias,Miguel Ortiz,1984-11-23,724,724
395171,Alexandre,,Alem\00e1n P\00e9rez,Alexandre Alem\00e1n,1987-06-07,724,724
395176,Ra\00fal,,Chavet Garc\00eda,Ra\00fal Chavet,1980-12-14,724,724
395178,Francisco Javier,,Fern\00e1ndez Vidal,Francisco Fern\00e1ndez,1985-05-12,724,724
395184,David,,G\00e1lvez Rasc\00f3n,David G\00e1lvez,1981-08-25,724,724
395192,Juan Antonio,,Campos Salinas,Juan Campos,1989-10-16,724,724
395194,Antonio,,Monter Sol\00e1ns,Antonio Monter,1987-10-16,724,724
395195,Miguel,,Bosch Domenech,Miguel Bosch,1980-12-23,724,724
395201,Luis,,Collado L\00f3pez,Luis Collado,1984-01-24,724,724
395205,V\00edctor,,Rives Leal,V\00edctor Rives,1983-04-21,724,724
395210,Ra\00fal Mart\00edn,,Gonz\00e1lez Franc\00e9s,Ra\00fal Gonz\00e1lez,1988-10-11,724,724
395215,Germ\00e1n,,Cid Camacho,Germ\00e1n Cid,1987-07-17,724,724
395217,Iosu,,Galech Apeztegu\00eda,Iosu Galech,1990-12-12,724,724
395221,Carlos Alberto,,Carbonell Hern\00e1ndez,Carlos Carbonell,1984-08-03,724,724
395226,Iv\00e1n,,Mu\00f1oz P\00e9rez,Iv\00e1n Mu\00f1oz,1981-11-20,724,724
395234,\00c1lvaro,,L\00f3pez Parra,\00c1lvaro L\00f3pez,1987-03-12,724,724
395235,Ricardo,,Escudero Mar\00edn,Ricardo Escudero,1984-11-25,724,724
395238,David,,Recio Moreno,David Recio,1989-07-29,724,724
395248,Pedro Eugenio,,Mu\00f1oz Piedra,Pedro Mu\00f1oz,1983-12-13,724,724
395250,Aimar,,Velasco Arbaiza,Aimar Velasco,1988-11-18,724,724
395254,Jos\00e9 Joaqu\00edn,,Gallego Gamb\00edn,Jos\00e9 Gallego Gamb\00edn,1987-01-20,724,724
395257,Guillermo,,Conejero S\00e1nchez,Guillermo Conejero,1988-07-25,724,724
395267,C\00e9sar,,D\00edez Cano,C\00e9sar D\00edez,1985-05-02,724,724
395271,Alberto,,Gonz\00e1lez Hern\00e1ndez,Alberto Gonz\00e1lez,1988-07-14,724,724
395274,Salvador,,Lax Franco,Salvador Lax,1991-01-22,724,724
395275,Jorge,,D\00edaz Escudero,Jorge D\00edaz,1985-01-16,724,724
395295,Iv\00e1n,,Caparr\00f3s Hern\00e1ndez,Iv\00e1n Caparr\00f3s,1990-05-02,724,724
395298,Juan,,Pe\00f1a Varela,Juan Pe\00f1a,1985-04-30,724,724
395302,Jer\00f3nimo,,Montes Garc\00eda Navas,Jer\00f3nimo Montes,1990-07-29,724,724
395305,Julio,,Mena Gimeno,Julio Mena,1985-12-18,724,724
395306,Carlos,,\00c1lvarez Fern\00e1ndez,Carlos \00c1lvarez,1990-07-16,724,724
395307,Xabier,,G\00f3mez Landaz\00e1bal,Xabier G\00f3mez,1988-02-25,724,724
395309,\00d3scar,,Mart\00ednez Santos,\00d3scar Mart\00ednez,1985-08-05,724,724
395311,Alejandro,,S\00e1nchez Alba,Alejandro S\00e1nchez,1990-02-03,724,724
395316,Sergio,,Espasand\00edn Cores,Sergio Espasand\00edn,1990-01-21,724,724
395318,Sergio,,Escriche Guzm\00e1n,Sergio Escriche,1989-03-07,724,724
395326,Francisco,,Miralles Selma,Francisco Miralles,1987-01-24,724,724
395331,Alexander,,Gonz\00e1lez Gonz\00e1lez,Alexander Gonz\00e1lez,1988-12-09,724,724
395342,Carlos,,Calderi\00f1a Pav\00f3n,Carlos Calderi\00f1a,,724,724
395351,Josep,,Subirats Matamoros,Josep Subirats,1986-02-28,724,724
395354,Alejandro,,Mu\00f1\00edz Ruiz,Alejandro Mu\00f1iz,1991-05-24,724,724
395363,Jos\00e9 Antonio,,S\00e1nchez Villalobos,Jos\00e9 S\00e1nchez,1991-07-06,724,724
395372,Pere,,Barcel\00f3 Roca,Pere Barcel\00f3,1984-05-15,724,724
395379,Albert,,Catal\00e1 Ferr\00e1n,Albert Catal\00e1,1989-03-19,724,724
395391,Francisco,,S\00e1ez Vital,Francisco S\00e1ez,1985-10-23,724,724
395393,Luis Miguel,,Montero de Lerma,Luis Montero,1991-07-15,724,724
395402,Rafael,,S\00e1nchez L\00f3pez,Rafael S\00e1nchez,1991-01-29,724,724
395408,\00c1lvaro,,Var\00f3n Aceit\00f3n,\00c1lvaro Var\00f3n,1993-10-30,724,724
395443,Jos\00e9 David,,Mart\00ednez Montalb\00e1n,Jos\00e9 Mart\00ednez,1993-11-04,724,724
395458,Juan Jos\00e9,,Marmolejo Mart\00ednez,Juan Marmolejo,,724,724
395486,Marcos,,Cerd\00e1n Aguilar,Marcos Cerd\00e1n,,724,724
395822,Mehdi,,Abid Charef,M. Abid Charef,,12,12
396639,Stefano,,Bellutti,S. Bellutti,,380,380
396641,Daniele,,Bindoni,D. Bindoni,,380,380
396642,Stefano,,Del Giovane,S. Giovane,1977-11-03,380,380
396643,Marco,,Citro,M. Citro,,380,380
396648,Pietro,,Dei Giudici,P. Dei Giudici,1980-09-27,380,380
396651,Stefano,,Giovani,S. Giovani,,380,380
396652,Lorenzo,,Gori,L. Gori,,380,380
396653,Antonio,,Di Martino,A. Di Martino,1987-12-22,380,380
396654,Giovanni,,Baccini,G. Baccini,,380,380
396655,Dario,,Cecconi,D. Cecconi,,380,380
396656,Alberto,,Santoro,A. Santoro,,380,380
396657,Luca,,Mondin,L. Mondin,,380,380
396660,Enrico,,Caliari,E. Caliari,,380,380
396661,Tarcisio,,Villa,T. Villa,,380,380
396780,Marco,,Piccinini,M. Piccinini,1983-09-29,380,380
396785,Niccol\00f2,,Baroni,N. Baroni,1983-05-06,380,380
396788,Luigi,,Pillitteri,L. Pillitteri,1985-02-27,380,380
396811,Christophe,,Mouysset,C. Mouysset,,250,250
398196,Mohamed Abdulla,,Hassan Mohd,Mohamed Abdulla Hassan Mohd,,784,784
398913,David,,Medi\00e9 Jim\00e9nez,David Medi\00e9,1984-08-24,724,724
398916,Alfonso,,Baena Espejo,Alfonso Baena,,724,724
398919,Daniel Jes\00fas,,Trujillo Su\00e1rez,Daniel Trujillo,1983-01-15,724,724
398923,Pablo,,Gonz\00e1lez Fuertes,Pablo Gonz\00e1lez,1980-06-08,724,724
398931,Jos\00e9 Luis,,Munuera Montero,Jos\00e9 Munuera,1984-05-19,724,724
398935,C\00e9sar Manuel,,Noval Font,C\00e9sar Noval,,724,724
398936,Rub\00e9n,,Becerril G\00f3mez,Rub\00e9n Becerril,,724,724
398945,Javier,,Alberola Rojas,Javier Alberola,1991-06-22,724,724
398952,Jos\00e9 Carlos,,Escuela Melo,Jos\00e9 Escuela,,724,724
398956,I\00f1igo,,Prieto L\00f3pez de Cera\00edn,I\00f1igo Prieto,,724,724
398960,Iv\00e1n,,Hern\00e1ndez Ramos,Iv\00e1n Hern\00e1ndez,,724,724
398961,Jos\00e9,,Alcoba Rodr\00edguez,Jos\00e9 Alcoba,,724,724
398962,Rub\00e9n,,Ruip\00e9rez Mar\00edn,Rub\00e9n Ruip\00e9rez,1991-01-04,724,724
399066,Pasquale,,De Meo,P. De Meo,1982-06-15,380,380
407046,Matthew,,Conger,M. Conger,1978-10-11,554,554
407503,Redouane,,Achik,R. Achik,1972-04-21,504,504
407514,El Hadji Malick,,Samba,E. Samba,,686,686
407519,Zakhele Thusi,,Siwela,Z. Siwela,,710,710
407714,Romain,,Delpech,R. Delpech,1979-12-21,250,250
407722,Malang,,Diedhiou,M. Diedhiou,,686,686
407732,Djibril,,Camara,D. Camara,1983-08-20,686,686
407737,Janny,,Sikazwe,J. Sikazwe,1979-05-26,894,894
407813,Tessema Weyesa,,Bamlak,T. Bamlak,1980-12-30,231,231
407901,Bakary Papa,,Gassama,B. Gassama,1979-02-10,270,270
407930,Simon,,Lount,S. Lount,,554,554
408156,Graham,,Scott,G. Scott,,826,826
411252,Abdelhak,,Etchiali,A. Etchiali,1981-06-27,12,12
411256,Waleed,,Ahmed Ali,Waleed Ahmed Ali,,729,729
411261,Jean-Claude,,Birumushahu,J. Birumushahu,1972-02-13,108,108
411262,Ghead,,Grisha,Ghead Grisha,1976-02-29,818,818
419657,Markus,,Sinn,M. Sinn,1979-02-02,276,276
420032,Andrea,,Chiocchi,A. Chiocchi,,380,380
420139,Domenico,,Rocca,D. Rocca,1984-02-25,380,380
420559,Miguel,,Garc\00eda Ace\00f1a,Miguel Garc\00eda,1985-04-04,724,724
420564,Jos\00e9 Manuel,,Garc\00eda G\00f3mez,Manuel Garc\00eda,1991-01-21,724,724
420591,Jos\00e9 Alberto,,Pardeiro Puente,Jos\00e9 Pardeiro,1988-07-21,724,724
420618,Pablo,,Brea Pe\00f3n,Pablo Brea,1982-11-11,724,724
420665,Daniel,,Palencia Caballero,Daniel Palencia,1992-01-30,724,724
420679,Daniel,,Yuste Querol,Daniel Yuste,1986-05-30,724,724
420691,Daniel David,,Baiges Dones,Daniel Baiges,1989-11-26,724,724
420812,V\00edctor,,Garc\00eda Verdura,V\00edctor Garc\00eda,1994-10-12,724,724
420829,Alberto,,Lou Ballano,Alberto Lou,1992-09-22,724,724
420845,Borja,,Mart\00ednez Garc\00eda,Borja Mart\00ednez,1993-09-16,724,724
420863,Francisco David,,Alonso Ram\00edrez,Francisco Alonso,,724,724
420893,Mohamed,,Massat,Mohamed Massat,1994-01-30,724,724
420944,Carlos,,Fern\00e1ndez Buergo,Carlos Fern\00e1ndez,1994-12-20,724,724
420952,Bastien,,Dechepy,B. Dechepy,,250,250
420991,Giuseppe,,Opromolla,G. Opromolla,,380,380
420994,Manuel \00c1ngel,,Torre Cimiano,Manuel Torre,,724,724
420995,Mario,,Melero L\00f3pez,Mario Melero,1979-07-02,724,724
420996,Jos\00e9 Luis,,Mart\00ednez Serrato,Jos\00e9 Mart\00ednez,,724,724
456216,Sian,,Massey,S. Massey,1985-10-22,826,826
456269,Norbert,,Hauata,N. Hauata,1979-06-08,1012,1012
456280,Kader,,Zitouni,K. Zitouni,,1012,1012
456293,Jerson Emiliano,,dos Santos,Jerson dos Santos,1983-05-01,24,24
456340,Mario,,D\00edaz Ortiz,Mario D\00edaz,,724,724
456654,Tevita,,Makasini,T. Makasini,1976-11-26,776,776
457041,Marcel,,Roeleveld,M. Roeleveld,,528,528
457079,Alberto,,Fuente Mart\00edn,Alberto Fuente,1986-10-11,724,724
457142,John Francis,,Pitty,J. Pitty,,591,591
457401,Valerio,,Colarossi,V. Colarossi,1984-06-13,380,380
457643,Christian,,Rossi,C. Rossi,,380,380
457938,Luigi,,Lanotte,L. Lanotte,,380,380
458045,Alexander,,Gonz\00e1lez,A. Gonz\00e1lez,,862,862
458270,Mattia,,Scarpa,M. Scarpa,,380,380
459601,Michele,,Lombardi,M. Lombardi,,380,380
459836,Jos\00e9 Luis,,Guzm\00e1n Mansilla,Jos\00e9 Guzm\00e1n,1995-11-02,724,724
459927,Markus,,Schmidt,M. Schmidt,1973-08-31,276,276
459981,Samir,,Amar Ahmed,Samir Amar,1993-06-14,724,724
460026,S\00e9bastien,,Desiage,S. Desiage,1974-02-04,250,250
460048,Jaime,,Ruiz \00c1lvarez,Jaime Ruiz,1987-02-22,724,724
460924,Iv\00e1n,,Pablo G\00f3mez,Iv\00e1n Pablo,,724,724
479882,Adri\00e1n,,Mart\00ednez Miguel,Adri\00e1n Mart\00ednez,,724,724
485237,Marco,,Bresmes,M. Bresmes,,380,380
495428,Antonio,,Santoro,A. Santoro,,380,0
505545,Pasquale,,Capaldo,P. Capaldo,,380,380
517393,Marco,,Scatragli,M. Scatragli,,380,380
518502,Davide,,Imperiale,D. Imperiale,,380,380
518503,Valerio,,Vecchi,V. Vecchi,,380,380
518515,Alessandro,,Cipressa,A. Cipressa,,380,380
531809,Inmaculada,,Prieto Mart\00ednez,Inmaculada Prieto Mart\00ednez,1993-04-19,724,724
557187,Jan,,Seidel,J. Seidel,1984-10-10,276,276
557224,Mateo Valero,,Francisco Javier,M. Javier,,724,724
563351,Juan,,Martinez Munuera,J. Martinez Munuera,,724,724
