teamId,name,officialName,city,areaId,type
674,Valencia,Valencia Club de F\u00fatbol,Valencia,724,club
675,Real Madrid,Real Madrid Club de F\u00fatbol,Madrid,724,club
676,Barcelona,FC Barcelona,Barcelona,724,club
677,Deportivo La Coru\u00f1a,Real Club Deportivo de La Coru\u00f1a,A Coru\u00f1a,724,club
678,Athletic Club,Athletic Club Bilbao,Bilbao,724,club
679,Atl\u00e9tico Madrid,Club Atl\u00e9tico de Madrid,Madrid,724,club
680,Sevilla,Sevilla FC,Sevilla,724,club
682,Villarreal,Villarreal Club de F\u00fatbol,Villarreal,724,club
683,M\u00e1laga,M\u00e1laga Club de F\u00fatbol,Malaga,724,club
684,Real Betis,Real Betis Balompi\u00e9,Sevilla,724,club
687,Real Sociedad,Real Sociedad de F\u00fatbol,Donostia-San Sebasti\u00e1n,724,club
691,Espanyol,Reial Club Deportiu Espanyol,Barcelona,724,club
692,Celta de Vigo,Real Club Celta de Vigo,Vigo,724,club
695,Levante,Levante UD,Valencia,724,club
696,Deportivo Alav\u00e9s,Deportivo Alav\u00e9s,Vitoria-Gasteiz,724,club
698,Getafe,Getafe Club de F\u00fatbol,Getafe (Madrid),724,club
701,Eibar,SD Eibar,Eibar,724,club
712,Legan\u00e9s,CD Legan\u00e9s,Legan\u00e9s,724,club
714,Las Palmas,UD Las Palmas,Las Palmas de Gran Canaria,724,club
756,Girona,Girona FC,Girona,724,club
1598,Spain,Spain,Las Rozas,724,national
1609,Arsenal,Arsenal FC,London,0,club
1610,Chelsea,Chelsea FC,London,0,club
1611,Manchester United,Manchester United FC,Manchester,0,club
1612,Liverpool,Liverpool FC,Liverpool,0,club
1613,Newcastle United,Newcastle United FC,Newcastle upon Tyne,0,club
1619,Southampton,Southampton FC,"Southampton, Hampshire",0,club
1623,Everton,Everton FC,Liverpool,0,club
1624,Tottenham Hotspur,Tottenham Hotspur FC,London,0,club
1625,Manchester City,Manchester City FC,Manchester,0,club
1627,West Bromwich Albion,West Bromwich Albion FC,West Bromwich,0,club
1628,Crystal Palace,Crystal Palace FC,London,0,club
1631,Leicester City,Leicester City FC,Leicester,0,club
1633,West Ham United,West Ham United FC,London,0,club
1639,Stoke City,Stoke City FC,Stoke-on-Trent,0,club
1644,Watford,Watford FC,Watford,0,club
1646,Burnley,Burnley FC,"Burnley, Lancashire",0,club
1651,Brighton & Hove Albion,Brighton & Hove Albion FC,"Brighton, East Sussex",0,club
1659,AFC Bournemouth,AFC Bournemouth,"Bournemouth, Dorset",0,club
1673,Huddersfield Town,Huddersfield Town FC,"Huddersfield, West Yorkshire",0,club
2413,England,England,London,0,national
2443,Werder Bremen,SV Werder Bremen,Bremen,276,club
2444,Bayern M\u00fcnchen,FC Bayern M\u00fcnchen,M\u00fcnchen,276,club
2445,Stuttgart,VfB Stuttgart 1893,Stuttgart,276,club
2446,Bayer Leverkusen,TSV Bayer 04 Leverkusen,Leverkusen,276,club
2447,Borussia Dortmund,BV Borussia 09 Dortmund,Dortmund,276,club
2449,Schalke 04,FC Schalke 04,Gelsenkirchen,276,club
2450,Hamburger SV,Hamburger SV,Hamburg,276,club
2451,Wolfsburg,VfL Wolfsburg,Wolfsburg,276,club
2453,Freiburg,SC Freiburg,Freiburg im Breisgau,276,club
2454,Borussia M'gladbach,Borussia VfL M\u00f6nchengladbach,M\u00f6nchengladbach,276,club
2455,Hannover 96,Hannover 96,Hannover,276,club
2457,Hertha BSC,Hertha BSC,Berlin,276,club
2460,Mainz 05,1. FSV Mainz 05,Mainz,276,club
2462,Eintracht Frankfurt,Eintracht Frankfurt,Frankfurt am Main,276,club
2463,K\u00f6ln,1. FC K\u00f6ln,K\u00f6ln,276,club
2481,Augsburg,FC Augsburg,Augsburg,276,club
2482,Hoffenheim,TSG 1899 Hoffenheim,Sinsheim,276,club
2975,RB Leipzig,Rasen Ballsport Leipzig,Leipzig,276,club
3148,Germany,Germany,Frankfurt am Main,276,national
3157,Milan,AC Milan,Milano,380,club
3158,Roma,AS Roma,Roma,380,club
3159,Juventus,Juventus FC,Torino,380,club
3161,Internazionale,FC Internazionale Milano,Milano,380,club
3162,Lazio,SS Lazio,Formello,380,club
3163,Udinese,Udinese Calcio,Udine,380,club
3164,Sampdoria,UC Sampdoria,Genova,380,club
3165,Chievo,AC Chievo Verona,Verona,380,club
3166,Bologna,Bologna FC 1909,Bologna,380,club
3172,Atalanta,Atalanta Bergamasca Calcio,Ciserano,380,club
3173,Cagliari,Cagliari Calcio,Cagliari,380,club
3176,Fiorentina,ACF Fiorentina,Firenze,380,club
3185,Torino,Torino FC,Torino,380,club
3187,Napoli,SSC Napoli,Castel Volturno,380,club
3193,Genoa,Genoa CFC,Genova,380,club
3194,Hellas Verona,Hellas Verona FC,Verona,380,club
3197,Crotone,FC Crotone,Crotone,380,club
3204,SPAL,Societ\u00e0 Polisportiva Ars et Labor 2013,Ferrara,380,club
3219,Benevento,Benevento Calcio,Benevento,380,club
3315,Sassuolo,US Sassuolo Calcio,Sassuolo,380,club
3757,Italy,Italy,Roma,380,national
3766,Olympique Lyonnais,Olympique Lyonnais,Lyon,250,club
3767,PSG,Paris Saint-Germain FC,Paris,250,club
3770,Nantes,FC Nantes,La Chapelle-sur-Erdre,250,club
3771,Olympique Marseille,Olympique de Marseille,Marseille,250,club
3772,Bordeaux,FC Girondins de Bordeaux,Le Haillan,250,club
3774,Rennes,Stade Rennais FC,Rennes,250,club
3775,Nice,O.G.C. Nice C\u00f4te d'Azur,Nice,250,club
3776,Lille,Lille OSC M\u00e9tropole,Villeneuve-d'Ascq,250,club
3777,Metz,FC Metz,Metz,250,club
3779,Strasbourg,RC Strasbourg Alsace,Strasbourg,250,club
3780,Toulouse,Toulouse FC,Toulouse,250,club
3782,Saint-\u00c9tienne,AS Saint-\u00c9tienne,Saint-\u00c9tienne,250,club
3783,Caen,Stade Malherbe Caen,Caen,250,club
3785,Guingamp,En Avant Guingamp,Guingamp,250,club
3787,Montpellier,Montpellier HSC,Montpellier,250,club
3789,Amiens SC,Amiens SC,Amiens,250,club
3795,Troyes,Esp\u00e9rance Sportive Troyes Aube Champagne,Troyes,250,club
3799,Angers,Angers SCO,Angers,250,club
3804,Dijon,Dijon FCO,Dijon,250,club
4418,France,France,Paris,250,national
4687,Turkey,Turkey,Istanbul,792,national
5629,Belgium,Belgium,Bruxelles (Brussel),56,national
6380,Brazil,Brazil,"Rio de Janeiro, Rio de Janeiro",76,national
6697,Switzerland,Switzerland,Bern,756,national
7047,Sweden,Sweden,Solna,752,national
7712,Denmark,Denmark,Br\u00f8ndby,208,national
7839,Iceland,Iceland,Reykjav\u00edk,352,national
8274,Republic of Ireland,Republic of Ireland,Dublin,372,national
8493,Australia,Australia,Sydney,36,national
8731,Albania,Albania,Tiran\u00eb (Tirana),8,national
9109,Austria,Austria,Wien,40,national
9598,Croatia,Croatia,Zagreb,191,national
9905,Portugal,Portugal,Lisboa,620,national
10451,Hungary,Hungary,Budapest,348,national
10531,Swansea City,Swansea City AFC,Swansea,0,club
10682,Wales,Wales,Cardiff,0,national
10840,Iran,Iran,Tehr\u0101n (Teheran),364,national
10962,Northern Ireland,Northern Ireland,Belfast,0,national
11555,Czech Republic,Czech Republic,Praha,203,national
11944,Romania,Romania,Bucure\u015fti,642,national
12274,Argentina,Argentina,"Buenos Aires, Ciudad de Buenos Aires",32,national
12430,Colombia,Colombia,Bogot\u00e1 D.C.,170,national
12913,Japan,Japan,T\u014dky\u014d (Tokyo),392,national
13869,Poland,Poland,Warszawa,616,national
14358,Russia,Russia,Moskva,643,national
14496,Slovakia,Slovakia,Bratislava,703,national
14622,Ukraine,Ukraine,Kyiv (Kiev),804,national
14855,Korea Republic,Korea Republic,Seoul,410,national
15473,Mexico,Mexico,"Coyoac\u00e1n, Ciudad de M\u00e9xico (D.F.)",484,national
15594,Peru,Peru,Lima,604,national
15670,Uruguay,Uruguay,Montevideo,858,national
16129,Egypt,Egypt,Cairo,818,national
16216,Morocco,Morocco,Rabat,504,national
16276,Tunisia,Tunisia,El Menzah,788,national
16521,Saudi Arabia,Saudi Arabia,Ar-Riy\u0101\u1e0d (Riyadh),682,national
16823,Nigeria,Nigeria,Abuja,566,national
16871,Costa Rica,Costa Rica,San Jos\u00e9,188,national
17322,Serbia,Serbia,Beograd,688,national
17929,Panama,Panama,Ciudad de Panam\u00e1,591,national
19314,Senegal,Senegal,Dakar,686,national
19830,Monaco,AS Monaco FC,Monaco,492,club
